	0	1
0	0.0	-0.0
1	0.004004004004004004	-0.004338611986087027
2	0.008008008008008008	-0.008659955819088573
3	0.012012012012012012	-0.01296416841254874
4	0.016016016016016016	-0.01725138505812244
5	0.02002002002002002	-0.0215217394511095
6	0.024024024024024024	-0.025775363715445695
7	0.028028028028028028	-0.030012388428239993
8	0.03203203203203203	-0.03423294264383577
9	0.036036036036036036	-0.03843715391738617
10	0.04004004004004004	-0.04262514832798936
11	0.044044044044044044	-0.046797050501371985
12	0.04804804804804805	-0.05095298363214779
13	0.05205205205205205	-0.05509306950565017
14	0.056056056056056056	-0.05921742851932206
15	0.06006006006006006	-0.06332617970375581
16	0.06406406406406406	-0.0674194407432876
17	0.06806806806806806	-0.07149732799621943
18	0.07207207207207207	-0.07555995651468234
19	0.07607607607607608	-0.07960744006410261
20	0.08008008008008008	-0.08363989114231976
21	0.08408408408408408	-0.08765742099834456
22	0.08808808808808809	-0.09166013965077771
23	0.0920920920920921	-0.0956481559059006
24	0.0960960960960961	-0.09962157737538406
25	0.10010010010010009	-0.10358051049376864
26	0.1041041041041041	-0.10752506053552016
27	0.10810810810810811	-0.11145533163185124
28	0.11211211211211211	-0.1153714267872136
29	0.11611611611611611	-0.1192734478954921
30	0.12012012012012012	-0.12316149575591713
31	0.12412412412412413	-0.12703567008869093
32	0.12812812812812813	-0.13089606955031102
33	0.13213213213213212	-0.13474279174868342
34	0.13613613613613612	-0.13857593325789636
35	0.14014014014014015	-0.14239558963279383
36	0.14414414414414414	-0.14620185542324926
37	0.14814814814814814	-0.1499948241882128
38	0.15215215215215216	-0.15377458850952552
39	0.15615615615615616	-0.15754124000545017
40	0.16016016016016016	-0.16129486934403292
41	0.16416416416416416	-0.16503556625616533
42	0.16816816816816815	-0.16876341954847107
43	0.17217217217217218	-0.17247851711595197
44	0.17617617617617617	-0.1761809459544297
45	0.18018018018018017	-0.1798707921727664
46	0.1841841841841842	-0.18354814100487285
47	0.1881881881881882	-0.18721307682152427
48	0.1921921921921922	-0.1908656831419893
49	0.1961961961961962	-0.19450604264543345
50	0.20020020020020018	-0.19813423718216505
51	0.2042042042042042	-0.20175034778465553
52	0.2082082082082082	-0.205354454678417
53	0.2122122122122122	-0.20894663729267493
54	0.21621621621621623	-0.21252697427087072
55	0.22022022022022023	-0.21609554348099896
56	0.22422422422422422	-0.2196524220257593
57	0.22822822822822822	-0.22319768625255398
58	0.23223223223223222	-0.22673141176333486
59	0.23623623623623624	-0.23025367342425343
60	0.24024024024024024	-0.23376454537520241
61	0.24424424424424424	-0.23726410103915713
62	0.24824824824824826	-0.24075241313139878
63	0.25225225225225223	-0.24422955366859264
64	0.25625625625625625	-0.24769559397768617
65	0.2602602602602603	-0.2511506047047001
66	0.26426426426426425	-0.25459465582337015
67	0.2682682682682683	-0.25802781664364677
68	0.27227227227227224	-0.26145015582006415
69	0.27627627627627627	-0.2648617413599784
70	0.2802802802802803	-0.2682626406316784
71	0.28428428428428426	-0.27165292037236477
72	0.2882882882882883	-0.27503264669601163
73	0.2922922922922923	-0.27840188510109354
74	0.2962962962962963	-0.2817607004782202
75	0.3003003003003003	-0.28510915711761214
76	0.30430430430430433	-0.288447318716505
77	0.3083083083083083	-0.2917752483864055
78	0.3123123123123123	-0.2950930086602548
79	0.3163163163163163	-0.2984006614994853
80	0.3203203203203203	-0.30169826830095664
81	0.32432432432432434	-0.3049858899037965
82	0.3283283283283283	-0.3082635865961306
83	0.33233233233233234	-0.3115314181217319
84	0.3363363363363363	-0.3147894436865273
85	0.34034034034034033	-0.3180377219650671
86	0.34434434434434436	-0.32127631110683336
87	0.3483483483483483	-0.3245052687425076
88	0.35235235235235235	-0.32772465199012013
89	0.3563563563563564	-0.330934517461104
90	0.36036036036036034	-0.33413492126627814
91	0.36436436436436437	-0.33732591902172865
92	0.3683683683683684	-0.3405075658546014
93	0.37237237237237236	-0.3436799164088267
94	0.3763763763763764	-0.3468430248507464
95	0.38038038038038036	-0.34999694487466815
96	0.3843843843843844	-0.3531417297083198
97	0.3883883883883884	-0.35627743211825597
98	0.3923923923923924	-0.35940410441515974
99	0.3963963963963964	-0.3625217984590853
100	0.40040040040040037	-0.3656305656646128
101	0.4044044044044044	-0.3687304570059419
102	0.4084084084084084	-0.37182152302190874
103	0.4124124124124124	-0.37490381382091487
104	0.4164164164164164	-0.3779773790858166
105	0.42042042042042044	-0.3810422680787278
106	0.4244244244244244	-0.3840985296457533
107	0.42842842842842843	-0.3871462122216607
108	0.43243243243243246	-0.39018536383448577
109	0.4364364364364364	-0.3932160321100727
110	0.44044044044044045	-0.39623826427655773
111	0.4444444444444444	-0.3992521071687799
112	0.44844844844844844	-0.4022576072326358
113	0.45245245245245247	-0.4052548105293838
114	0.45645645645645644	-0.40824376273985824
115	0.46046046046046046	-0.4112245091686733
116	0.46446446446446443	-0.41419709474831945
117	0.46846846846846846	-0.4171615640432503
118	0.4724724724724725	-0.4201179612538683
119	0.47647647647647645	-0.4230663302205001
120	0.4804804804804805	-0.42600671442727556
121	0.4844844844844845	-0.4289391570059986
122	0.48848848848848847	-0.43186370073993036
123	0.4924924924924925	-0.4347803880675313
124	0.4964964964964965	-0.43768926108616446
125	0.5005005005005005	-0.44059036155574166
126	0.5045045045045045	-0.44348373090231547
127	0.5085085085085085	-0.446369410221623
128	0.5125125125125125	-0.4492474402826074
129	0.5165165165165165	-0.4521178615308532
130	0.5205205205205206	-0.4549807140920087
131	0.5245245245245245	-0.4578360377751503
132	0.5285285285285285	-0.460683872076097
133	0.5325325325325325	-0.4635242561806966
134	0.5365365365365365	-0.4663572289680559
135	0.5405405405405406	-0.4691828290137406
136	0.5445445445445445	-0.47200109459291406
137	0.5485485485485485	-0.4748120636834621
138	0.5525525525525525	-0.4776157739690583
139	0.5565565565565566	-0.4804122628421837
140	0.5605605605605606	-0.48320156740714765
141	0.5645645645645646	-0.48598372448301036
142	0.5685685685685685	-0.4887587706065205
143	0.5725725725725725	-0.4915267420349787
144	0.5765765765765766	-0.4942876747490913
145	0.5805805805805806	-0.4970416044557812
146	0.5845845845845846	-0.4997885665909335
147	0.5885885885885885	-0.5025285963221644
148	0.5925925925925926	-0.5052617285514983
149	0.5965965965965966	-0.5079879979180439
150	0.6006006006006006	-0.5107074388006295
151	0.6046046046046046	-0.5134200853204055
152	0.6086086086086087	-0.5161259713434063
153	0.6126126126126126	-0.5188251304830875
154	0.6166166166166166	-0.5215175961028498
155	0.6206206206206206	-0.5242034013184776
156	0.6246246246246246	-0.5268825790006235
157	0.6286286286286287	-0.52955516177719
158	0.6326326326326326	-0.5322211820357328
159	0.6366366366366366	-0.5348806719258037
160	0.6406406406406406	-0.5375336633612905
161	0.6446446446446447	-0.5401801880226996
162	0.6486486486486487	-0.5428202773594292
163	0.6526526526526526	-0.5454539625920299
164	0.6566566566566566	-0.548081274714388
165	0.6606606606606606	-0.5507022444959481
166	0.6646646646646647	-0.5533169024838426
167	0.6686686686686687	-0.555925279005058
168	0.6726726726726726	-0.5585274041685215
169	0.6766766766766766	-0.5611233078672033
170	0.6806806806806807	-0.563713019780164
171	0.6846846846846847	-0.5662965693746037
172	0.6886886886886887	-0.5688739859078583
173	0.6926926926926927	-0.571445298429397
174	0.6966966966966966	-0.5740105357827964
175	0.7007007007007007	-0.5765697266076577
176	0.7047047047047047	-0.5791228993415466
177	0.7087087087087087	-0.5816700822218772
178	0.7127127127127127	-0.5842113032877945
179	0.7167167167167167	-0.586746590382015
180	0.7207207207207207	-0.5892759711526762
181	0.7247247247247247	-0.5917994730551139
182	0.7287287287287287	-0.5943171233536907
183	0.7327327327327328	-0.596828949123529
184	0.7367367367367368	-0.5993349772522736
185	0.7407407407407407	-0.601835234441827
186	0.7447447447447447	-0.604329747210028
187	0.7487487487487487	-0.6068185418923703
188	0.7527527527527528	-0.6093016446436579
189	0.7567567567567568	-0.6117790814396517
190	0.7607607607607607	-0.6142508780786976
191	0.7647647647647647	-0.6167170601833492
192	0.7687687687687688	-0.6191776532019554
193	0.7727727727727728	-0.6216326824102316
194	0.7767767767767768	-0.6240821729128274
195	0.7807807807807807	-0.6265261496448553
196	0.7847847847847848	-0.6289646373734302
197	0.7887887887887888	-0.6313976606991544
198	0.7927927927927928	-0.6338252440576224
199	0.7967967967967968	-0.6362474117208882
200	0.8008008008008007	-0.6386641877989223
201	0.8048048048048048	-0.6410755962410488
202	0.8088088088088088	-0.6434816608373757
203	0.8128128128128128	-0.6458824052201892
204	0.8168168168168168	-0.6482778528653701
205	0.8208208208208209	-0.6506680270937522
206	0.8248248248248248	-0.6530529510724853
207	0.8288288288288288	-0.6554326478163897
208	0.8328328328328328	-0.657807140189285
209	0.8368368368368369	-0.6601764509053158
210	0.8408408408408409	-0.6625406025302388
211	0.8448448448448448	-0.6648996174827272
212	0.8488488488488488	-0.6672535180356489
213	0.8528528528528528	-0.669602326317305
214	0.8568568568568569	-0.671946064312705
215	0.8608608608608609	-0.6742847538647916
216	0.8648648648648649	-0.6766184166756519
217	0.8688688688688688	-0.6789470743077402
218	0.8728728728728729	-0.6812707481850676
219	0.8768768768768769	-0.6835894595943858
220	0.8808808808808809	-0.6859032296863593
221	0.8848848848848849	-0.6882120794767057
222	0.8888888888888888	-0.6905160298473711
223	0.8928928928928929	-0.6928151015476446
224	0.8968968968968969	-0.6951093151952704
225	0.9009009009009009	-0.6973986912775886
226	0.9049049049049049	-0.6996832501525949
227	0.9089089089089089	-0.7019630120500592
228	0.9129129129129129	-0.7042379970725763
229	0.9169169169169169	-0.7065082251966466
230	0.9209209209209209	-0.708773716273723
231	0.924924924924925	-0.7110344900312411
232	0.9289289289289289	-0.713290566073675
233	0.9329329329329329	-0.7155419638835292
234	0.9369369369369369	-0.7177887028223667
235	0.9409409409409409	-0.7200308021318063
236	0.944944944944945	-0.7222682809344989
237	0.948948948948949	-0.7245011582351253
238	0.9529529529529529	-0.7267294529213396
239	0.9569569569569569	-0.7289531837647589
240	0.960960960960961	-0.7311723694218859
241	0.964964964964965	-0.7333870284350599
242	0.968968968968969	-0.7355971792333872
243	0.9729729729729729	-0.7378028401336532
244	0.9769769769769769	-0.7400040293412427
245	0.980980980980981	-0.7422007649510356
246	0.984984984984985	-0.7443930649483015
247	0.988988988988989	-0.7465809472095809
248	0.992992992992993	-0.7487644295035654
249	0.996996996996997	-0.7509435294919625
250	1.001001001001001	-0.7531182647303359
251	1.005005005005005	-0.7552886526689834
252	1.009009009009009	-0.7574547106537578
253	1.013013013013013	-0.7596164559268985
254	1.017017017017017	-0.7617739056278636
255	1.021021021021021	-0.7639270767941422
256	1.025025025025025	-0.7660759863620564
257	1.029029029029029	-0.7682206511675677
258	1.033033033033033	-0.7703610879470617
259	1.037037037037037	-0.7724973133381416
260	1.0410410410410411	-0.7746293438803943
261	1.045045045045045	-0.7767571960161644
262	1.049049049049049	-0.7788808860913083
263	1.053053053053053	-0.7810004303559593
264	1.057057057057057	-0.7831158449652671
265	1.0610610610610611	-0.7852271459801228
266	1.065065065065065	-0.7873343493679231
267	1.069069069069069	-0.7894374710032638
268	1.073073073073073	-0.791536526668674
269	1.077077077077077	-0.7936315320553233
270	1.0810810810810811	-0.7957225027637188
271	1.085085085085085	-0.797809454304408
272	1.089089089089089	-0.799892402098677
273	1.093093093093093	-0.8019713614792233
274	1.097097097097097	-0.8040463476908302
275	1.1011011011011012	-0.8061173758910446
276	1.105105105105105	-0.808184461150847
277	1.1091091091091092	-0.8102476184552951
278	1.1131131131131131	-0.8123068627041862
279	1.117117117117117	-0.814362208712696
280	1.1211211211211212	-0.816413671212032
281	1.125125125125125	-0.8184612648500424
282	1.1291291291291292	-0.8205050041918655
283	1.1331331331331331	-0.8225449037205497
284	1.137137137137137	-0.8245809778376503
285	1.1411411411411412	-0.8266132408638622
286	1.145145145145145	-0.8286417070396136
287	1.1491491491491492	-0.8306663905256638
288	1.1531531531531531	-0.8326873054037016
289	1.157157157157157	-0.8347044656769192
290	1.1611611611611612	-0.8367178852706224
291	1.165165165165165	-0.8387275780327742
292	1.1691691691691692	-0.8407335577345869
293	1.1731731731731732	-0.8427358380710931
294	1.177177177177177	-0.8447344326616852
295	1.1811811811811812	-0.8467293550506839
296	1.1851851851851851	-0.8487206187078924
297	1.1891891891891893	-0.8507082370291352
298	1.1931931931931932	-0.8526922233368078
299	1.197197197197197	-0.8546725908803958
300	1.2012012012012012	-0.8566493528370183
301	1.2052052052052051	-0.8586225223119657
302	1.2092092092092093	-0.8605921123391835
303	1.2132132132132132	-0.8625581358818282
304	1.2172172172172173	-0.8645206058327649
305	1.2212212212212212	-0.8664795350150666
306	1.2252252252252251	-0.8684349361825221
307	1.2292292292292293	-0.8703868220201406
308	1.2332332332332332	-0.8723352051446402
309	1.2372372372372373	-0.8742800981049319
310	1.2412412412412412	-0.8762215133826194
311	1.2452452452452452	-0.878159463392464
312	1.2492492492492493	-0.8800939604828679
313	1.2532532532532532	-0.8820250169363452
314	1.2572572572572573	-0.8839526449699898
315	1.2612612612612613	-0.885876856735953
316	1.2652652652652652	-0.8877976643218655
317	1.2692692692692693	-0.8897150797513359
318	1.2732732732732732	-0.8916291149843804
319	1.2772772772772774	-0.8935397819178714
320	1.2812812812812813	-0.8954470923859836
321	1.2852852852852852	-0.8973510581606301
322	1.2892892892892893	-0.8992516909519142
323	1.2932932932932932	-0.9011490024085379
324	1.2972972972972974	-0.9030430041182425
325	1.3013013013013013	-0.9049337076082403
326	1.3053053053053052	-0.9068211243456209
327	1.3093093093093093	-0.908705265737777
328	1.3133133133133132	-0.9105861431328175
329	1.3173173173173174	-0.9124637678199738
330	1.3213213213213213	-0.9143381510300101
331	1.3253253253253252	-0.9162093039356333
332	1.3293293293293293	-0.9180772376518673
333	1.3333333333333333	-0.9199419632364848
334	1.3373373373373374	-0.921803491690373
335	1.3413413413413413	-0.9236618339579283
336	1.3453453453453452	-0.9255170009274496
337	1.3493493493493494	-0.9273690034315253
338	1.3533533533533533	-0.9292178522473915
339	1.3573573573573574	-0.9310635580973313
340	1.3613613613613613	-0.9329061316490348
341	1.3653653653653655	-0.9347455835159657
342	1.3693693693693694	-0.9365819242577524
343	1.3733733733733733	-0.9384151643805156
344	1.3773773773773774	-0.9402453143372589
345	1.3813813813813813	-0.94207238452821
346	1.3853853853853855	-0.9438963853011823
347	1.3893893893893894	-0.9457173269519304
348	1.3933933933933933	-0.9475352197244818
349	1.3973973973973974	-0.9493500738115013
350	1.4014014014014013	-0.9511618993546224
351	1.4054054054054055	-0.952970706444794
352	1.4094094094094094	-0.9547765051226186
353	1.4134134134134133	-0.9565793053786791
354	1.4174174174174174	-0.95837911715387
355	1.4214214214214214	-0.9601759503397445
356	1.4254254254254255	-0.9619698147788104
357	1.4294294294294294	-0.9637607202648801
358	1.4334334334334333	-0.9655486765433845
359	1.4374374374374375	-0.9673336933116774
360	1.4414414414414414	-0.96911578021937
361	1.4454454454454455	-0.970894946868637
362	1.4494494494494494	-0.9726712028145159
363	1.4534534534534533	-0.9744445575652398
364	1.4574574574574575	-0.9762150205825121
365	1.4614614614614614	-0.9779826012818359
366	1.4654654654654655	-0.9797473090328006
367	1.4694694694694694	-0.9815091531593827
368	1.4734734734734736	-0.9832681429402421
369	1.4774774774774775	-0.985024287609013
370	1.4814814814814814	-0.9867775963545976
371	1.4854854854854855	-0.9885280783214568
372	1.4894894894894894	-0.9902757426098825
373	1.4934934934934936	-0.9920205982763097
374	1.4974974974974975	-0.9937626543335663
375	1.5015015015015014	-0.9955019197511683
376	1.5055055055055055	-0.9972384034556032
377	1.5095095095095095	-0.9989721143305847
378	1.5135135135135136	-1.000703061217348
379	1.5175175175175175	-1.0024312529149106
380	1.5215215215215214	-1.004156698180326
381	1.5255255255255256	-1.0058794057289806
382	1.5295295295295295	-1.0075993842348308
383	1.5335335335335336	-1.00931664233068
384	1.5375375375375375	-1.0110311886084304
385	1.5415415415415414	-1.0127430316193493
386	1.5455455455455456	-1.0144521798743158
387	1.5495495495495495	-1.0161586418440822
388	1.5535535535535536	-1.0178624259595175
389	1.5575575575575575	-1.0195635406118724
390	1.5615615615615615	-1.0212619941530063
391	1.5655655655655656	-1.0229577948956528
392	1.5695695695695695	-1.0246509511136532
393	1.5735735735735736	-1.0263414710421954
394	1.5775775775775776	-1.028029362878068
395	1.5815815815815815	-1.029714634779887
396	1.5855855855855856	-1.0313972948683365
397	1.5895895895895895	-1.0330773512264022
398	1.5935935935935936	-1.0347548118996064
399	1.5975975975975976	-1.0364296848962349
400	1.6016016016016015	-1.0381019781875755
401	1.6056056056056056	-1.0397716997081343
402	1.6096096096096095	-1.0414388573558666
403	1.6136136136136137	-1.043103458992404
404	1.6176176176176176	-1.0447655124432753
405	1.6216216216216217	-1.0464250254981247
406	1.6256256256256256	-1.0480820059109275
407	1.6296296296296295	-1.0497364614002205
408	1.6336336336336337	-1.0513883996493028
409	1.6376376376376376	-1.0530378283064583
410	1.6416416416416417	-1.0546847549851692
411	1.6456456456456456	-1.056329187264319
412	1.6496496496496496	-1.0579711326884143
413	1.6536536536536537	-1.0596105987677784
414	1.6576576576576576	-1.0612475929787653
415	1.6616616616616617	-1.062882122763962
416	1.6656656656656657	-1.0645141955323985
417	1.6696696696696696	-1.0661438186597345
418	1.6736736736736737	-1.0677709994884765
419	1.6776776776776776	-1.069395745328162
420	1.6816816816816818	-1.0710180634555655
421	1.6856856856856857	-1.0726379611148915
422	1.6896896896896896	-1.0742554455179654
423	1.6936936936936937	-1.075870523844432
424	1.6976976976976976	-1.0774832032419375
425	1.7017017017017018	-1.0790934908263334
426	1.7057057057057057	-1.0807013936818575
427	1.7097097097097096	-1.0823069188613097
428	1.7137137137137137	-1.0839100733862583
429	1.7177177177177176	-1.0855108642472096
430	1.7217217217217218	-1.0871092984037927
431	1.7257257257257257	-1.0887053827849544
432	1.7297297297297298	-1.0902991242891182
433	1.7337337337337337	-1.0918905297843773
434	1.7377377377377377	-1.0934796061086691
435	1.7417417417417418	-1.095066360069947
436	1.7457457457457457	-1.096650798446369
437	1.7497497497497498	-1.098232927986449
438	1.7537537537537538	-1.0998127554092532
439	1.7577577577577577	-1.1013902874045536
440	1.7617617617617618	-1.1029655306330068
441	1.7657657657657657	-1.1045384917263221
442	1.7697697697697699	-1.106109177287422
443	1.7737737737737738	-1.1076775938906225
444	1.7777777777777777	-1.109243748081781
445	1.7817817817817818	-1.1108076463784742
446	1.7857857857857857	-1.1123692952701492
447	1.7897897897897899	-1.1139287012183041
448	1.7937937937937938	-1.1154858706566229
449	1.7977977977977977	-1.1170408099911504
450	1.8018018018018018	-1.1185935256004493
451	1.8058058058058057	-1.1201440238357603
452	1.8098098098098099	-1.1216923110211396
453	1.8138138138138138	-1.1232383934536474
454	1.8178178178178177	-1.1247822774034575
455	1.8218218218218218	-1.1263239691140494
456	1.8258258258258258	-1.1278634748023424
457	1.82982982982983	-1.1294008006588434
458	1.8338338338338338	-1.1309359528478025
459	1.8378378378378377	-1.1324689375073584
460	1.8418418418418419	-1.133999760749687
461	1.8458458458458458	-1.135528428661148
462	1.84984984984985	-1.1370549473024314
463	1.8538538538538538	-1.138579322708694
464	1.8578578578578577	-1.1401015608897105
465	1.8618618618618619	-1.1416216678300148
466	1.8658658658658658	-1.143139649489041
467	1.86986986986987	-1.1446555118012547
468	1.8738738738738738	-1.1461692606763076
469	1.877877877877878	-1.1476809019991676
470	1.8818818818818819	-1.1491904416302492
471	1.8858858858858858	-1.1506978854055638
472	1.88988988988989	-1.1522032391368446
473	1.8938938938938938	-1.1537065086116889
474	1.897897897897898	-1.1552076995936822
475	1.901901901901902	-1.156706817822539
476	1.9059059059059058	-1.1582038690142284
477	1.90990990990991	-1.1596988588611137
478	1.9139139139139139	-1.16119179303207
479	1.917917917917918	-1.1626826771726262
480	1.921921921921922	-1.1641715169050797
481	1.9259259259259258	-1.1656583178286353
482	1.92992992992993	-1.1671430855195237
483	1.9339339339339339	-1.1686258255311308
484	1.937937937937938	-1.1701065433941273
485	1.941941941941942	-1.1715852446165753
486	1.9459459459459458	-1.1730619346840716
487	1.94994994994995	-1.1745366190598563
488	1.9539539539539539	-1.1760093031849421
489	1.957957957957958	-1.1774799924782289
490	1.961961961961962	-1.1789486923366281
491	1.9659659659659658	-1.1804154081351719
492	1.96996996996997	-1.18188014522715
493	1.973973973973974	-1.1833429089442031
494	1.977977977977978	-1.1848037045964643
495	1.981981981981982	-1.1862625374726545
496	1.985985985985986	-1.187719412840201
497	1.98998998998999	-1.1891743359453653
498	1.993993993993994	-1.1906273120133386
499	1.997997997997998	-1.1920783462483706
500	2.002002002002002	-1.1935274438338626
501	2.006006006006006	-1.1949746099324978
502	2.01001001001001	-1.196419849686339
503	2.014014014014014	-1.1978631682169416
504	2.018018018018018	-1.1993045706254675
505	2.022022022022022	-1.2007440619927885
506	2.026026026026026	-1.2021816473795888
507	2.03003003003003	-1.2036173318264762
508	2.034034034034034	-1.205051120354101
509	2.038038038038038	-1.2064830179632349
510	2.042042042042042	-1.2079130296348994
511	2.046046046046046	-1.2093411603304607
512	2.05005005005005	-1.210767414991729
513	2.054054054054054	-1.2121917985410593
514	2.058058058058058	-1.2136143158814783
515	2.062062062062062	-1.21503497189674
516	2.066066066066066	-1.2164537714514767
517	2.07007007007007	-1.2178707193912572
518	2.074074074074074	-1.219285820542715
519	2.078078078078078	-1.2206990797136328
520	2.0820820820820822	-1.2221105016930385
521	2.086086086086086	-1.2235200912513131
522	2.09009009009009	-1.2249278531402807
523	2.094094094094094	-1.2263337920933048
524	2.098098098098098	-1.2277379128253854
525	2.1021021021021022	-1.2291402200332509
526	2.106106106106106	-1.2305407183954566
527	2.11011011011011	-1.2319394125724803
528	2.114114114114114	-1.2333363072068002
529	2.118118118118118	-1.234731406923015
530	2.1221221221221223	-1.2361247163279023
531	2.126126126126126	-1.2375162400105406
532	2.13013013013013	-1.2389059825423752
533	2.134134134134134	-1.2402939484773317
534	2.138138138138138	-1.241680142351882
535	2.1421421421421423	-1.24306456868515
536	2.146146146146146	-1.2444472319789932
537	2.15015015015015	-1.2458281367180957
538	2.154154154154154	-1.2472072873700426
539	2.158158158158158	-1.2485846883854261
540	2.1621621621621623	-1.2499603441979183
541	2.166166166166166	-1.2513342592243504
542	2.17017017017017	-1.252706437864822
543	2.174174174174174	-1.2540768845027666
544	2.178178178178178	-1.2554456035050316
545	2.1821821821821823	-1.256812599221977
546	2.186186186186186	-1.2581778759875528
547	2.19019019019019	-1.2595414381193757
548	2.194194194194194	-1.2609032899188197
549	2.1981981981981984	-1.2622634356710916
550	2.2022022022022023	-1.2636218796453131
551	2.206206206206206	-1.2649786260945968
552	2.21021021021021	-1.2663336792561444
553	2.214214214214214	-1.2676870433513003
554	2.2182182182182184	-1.2690387225856459
555	2.2222222222222223	-1.2703887211490772
556	2.2262262262262262	-1.2717370432158814
557	2.23023023023023	-1.2730836929448075
558	2.234234234234234	-1.274428674479151
559	2.2382382382382384	-1.2757719919468438
560	2.2422422422422423	-1.2771136494604873
561	2.2462462462462462	-1.278453651117475
562	2.25025025025025	-1.2797920010000463
563	2.254254254254254	-1.2811287031753604
564	2.2582582582582584	-1.28246376169557
565	2.2622622622622623	-1.2837971805979052
566	2.2662662662662663	-1.2851289639047314
567	2.27027027027027	-1.2864591156236371
568	2.274274274274274	-1.2877876397474957
569	2.2782782782782784	-1.289114540254548
570	2.2822822822822824	-1.2904398211084556
571	2.2862862862862863	-1.2917634862583935
572	2.29029029029029	-1.2930855396391063
573	2.294294294294294	-1.294405985170977
574	2.2982982982982985	-1.2957248267601167
575	2.3023023023023024	-1.297042068298402
576	2.3063063063063063	-1.2983577136635818
577	2.31031031031031	-1.2996717667193016
578	2.314314314314314	-1.3009842313152145
579	2.3183183183183185	-1.3022951112870236
580	2.3223223223223224	-1.3036044104565536
581	2.3263263263263263	-1.3049121326318212
582	2.33033033033033	-1.3062182816071006
583	2.334334334334334	-1.3075228611629859
584	2.3383383383383385	-1.3088258750664634
585	2.3423423423423424	-1.3101273270709708
586	2.3463463463463463	-1.3114272209164652
587	2.3503503503503502	-1.312725560329488
588	2.354354354354354	-1.3140223490232246
589	2.3583583583583585	-1.3153175906975711
590	2.3623623623623624	-1.3166112890392063
591	2.3663663663663663	-1.3179034477216316
592	2.3703703703703702	-1.3191940704052652
593	2.374374374374374	-1.3204831607374723
594	2.3783783783783785	-1.3217707223526514
595	2.3823823823823824	-1.3230567588722852
596	2.3863863863863863	-1.3243412739049965
597	2.3903903903903903	-1.3256242710466168
598	2.394394394394394	-1.3269057538802596
599	2.3983983983983985	-1.3281857259763452
600	2.4024024024024024	-1.329464190892694
601	2.4064064064064064	-1.3307411521745671
602	2.4104104104104103	-1.3320166133547384
603	2.414414414414414	-1.3332905779535382
604	2.4184184184184185	-1.3345630494789227
605	2.4224224224224224	-1.3358340314265293
606	2.4264264264264264	-1.337103527279736
607	2.4304304304304303	-1.3383715405097103
608	2.4344344344344346	-1.3396380745754786
609	2.4384384384384385	-1.3409031329239682
610	2.4424424424424425	-1.3421667189900768
611	2.4464464464464464	-1.3434288361967277
612	2.4504504504504503	-1.344689487954913
613	2.4544544544544546	-1.3459486776637601
614	2.4584584584584586	-1.3472064087105893
615	2.4624624624624625	-1.3484626844709497
616	2.4664664664664664	-1.3497175083086976
617	2.4704704704704703	-1.3509708835760335
618	2.4744744744744747	-1.3522228136135717
619	2.4784784784784786	-1.3534733017503753
620	2.4824824824824825	-1.3547223513040163
621	2.4864864864864864	-1.3559699655806343
622	2.4904904904904903	-1.3572161478749842
623	2.4944944944944947	-1.3584609014704905
624	2.4984984984984986	-1.3597042296392916
625	2.5025025025025025	-1.360946135642309
626	2.5065065065065064	-1.362186622729276
627	2.5105105105105103	-1.3634256941388
628	2.5145145145145147	-1.364663353098424
629	2.5185185185185186	-1.3658996028246517
630	2.5225225225225225	-1.3671344465230229
631	2.5265265265265264	-1.3683678873881515
632	2.5305305305305303	-1.369599928603766
633	2.5345345345345347	-1.3708305733427852
634	2.5385385385385386	-1.3720598247673388
635	2.5425425425425425	-1.3732876860288312
636	2.5465465465465464	-1.3745141602679873
637	2.5505505505505504	-1.3757392506148982
638	2.5545545545545547	-1.376962960189082
639	2.5585585585585586	-1.378185292099507
640	2.5625625625625625	-1.3794062494446566
641	2.5665665665665665	-1.3806258353125833
642	2.5705705705705704	-1.3818440527809281
643	2.5745745745745747	-1.3830609049169997
644	2.5785785785785786	-1.3842763947777907
645	2.5825825825825826	-1.3854905254100558
646	2.5865865865865865	-1.3867032998503201
647	2.5905905905905904	-1.3879147211249605
648	2.5945945945945947	-1.389124792250227
649	2.5985985985985987	-1.3903335162322983
650	2.6026026026026026	-1.3915408960673203
651	2.6066066066066065	-1.3927469347414632
652	2.6106106106106104	-1.3939516352309533
653	2.6146146146146148	-1.3951550005021096
654	2.6186186186186187	-1.3963570335114177
655	2.6226226226226226	-1.3975577372055432
656	2.6266266266266265	-1.3987571145213862
657	2.6306306306306304	-1.39995516838613
658	2.6346346346346348	-1.4011519017172736
659	2.6386386386386387	-1.4023473174226853
660	2.6426426426426426	-1.4035414184006323
661	2.6466466466466465	-1.4047342075398348
662	2.6506506506506504	-1.4059256877194954
663	2.6546546546546548	-1.4071158618093638
664	2.6586586586586587	-1.4083047326697427
665	2.6626626626626626	-1.4094923031515627
666	2.6666666666666665	-1.410678576096406
667	2.6706706706706704	-1.411863554336552
668	2.674674674674675	-1.4130472406950134
669	2.6786786786786787	-1.4142296379855768
670	2.6826826826826826	-1.4154107490128616
671	2.6866866866866865	-1.4165905765723257
672	2.6906906906906904	-1.4177691234503353
673	2.694694694694695	-1.418946392424187
674	2.6986986986986987	-1.4201223862621537
675	2.7027027027027026	-1.4212971077235315
676	2.7067067067067065	-1.422470559558651
677	2.710710710710711	-1.4236427445089517
678	2.714714714714715	-1.4248136653070005
679	2.7187187187187187	-1.4259833246765286
680	2.7227227227227226	-1.4271517253324764
681	2.7267267267267266	-1.4283188699810245
682	2.730730730730731	-1.4294847613196426
683	2.734734734734735	-1.4306494020371177
684	2.7387387387387387	-1.4318127948135875
685	2.7427427427427427	-1.4329749423205929
686	2.7467467467467466	-1.4341358472211003
687	2.750750750750751	-1.4352955121695388
688	2.754754754754755	-1.4364539398118525
689	2.7587587587587588	-1.4376111327855112
690	2.7627627627627627	-1.4387670937195756
691	2.7667667667667666	-1.4399218252347046
692	2.770770770770771	-1.4410753299432137
693	2.774774774774775	-1.4422276104490943
694	2.7787787787787788	-1.4433786693480624
695	2.7827827827827827	-1.4445285092275795
696	2.7867867867867866	-1.4456771326669016
697	2.790790790790791	-1.4468245422371082
698	2.794794794794795	-1.4479707405011277
699	2.798798798798799	-1.4491157300137907
700	2.8028028028028027	-1.4502595133218434
701	2.8068068068068066	-1.451402092964
702	2.810810810810811	-1.4525434714709613
703	2.814814814814815	-1.4536836513654627
704	2.818818818818819	-1.454822635162294
705	2.8228228228228227	-1.4559604253683385
706	2.8268268268268266	-1.4570970244826138
707	2.830830830830831	-1.4582324349962914
708	2.834834834834835	-1.4593666593927397
709	2.838838838838839	-1.4604997001475406
710	2.8428428428428427	-1.4616315597285554
711	2.8468468468468466	-1.4627622405959162
712	2.850850850850851	-1.463891745202082
713	2.854854854854855	-1.465020075991872
714	2.858858858858859	-1.4661472354024845
715	2.8628628628628627	-1.4672732258635335
716	2.8668668668668666	-1.4683980497970939
717	2.870870870870871	-1.4695217096177071
718	2.874874874874875	-1.4706442077324333
719	2.878878878878879	-1.4717655465408646
720	2.8828828828828827	-1.4728857284351866
721	2.8868868868868867	-1.4740047558001605
722	2.890890890890891	-1.475122631013209
723	2.894894894894895	-1.476239356444399
724	2.898898898898899	-1.4773549344565018
725	2.9029029029029028	-1.4784693674050091
726	2.9069069069069067	-1.4795826576381643
727	2.910910910910911	-1.480694807497009
728	2.914914914914915	-1.481805819315372
729	2.918918918918919	-1.4829156954199503
730	2.9229229229229228	-1.4840244381302998
731	2.9269269269269267	-1.485132049758882
732	2.930930930930931	-1.48623853261109
733	2.934934934934935	-1.4873438889852666
734	2.938938938938939	-1.4884481211727538
735	2.942942942942943	-1.4895512314578963
736	2.946946946946947	-1.4906532221181017
737	2.950950950950951	-1.4917540954238306
738	2.954954954954955	-1.4928538536386604
739	2.958958958958959	-1.4939524990192843
740	2.962962962962963	-1.4950500338155568
741	2.966966966966967	-1.4961464602705177
742	2.970970970970971	-1.497241780620422
743	2.974974974974975	-1.498335997094752
744	2.978978978978979	-1.4994291119162664
745	2.982982982982983	-1.5005211273010142
746	2.986986986986987	-1.5016120454583624
747	2.990990990990991	-1.5027018685910323
748	2.994994994994995	-1.5037905988951015
749	2.998998998998999	-1.5048782385600683
750	3.003003003003003	-1.5059647897688486
751	3.007007007007007	-1.507050254697806
752	3.011011011011011	-1.5081346355167915
753	3.015015015015015	-1.5092179343891603
754	3.019019019019019	-1.5103001534717948
755	3.023023023023023	-1.5113812949151326
756	3.027027027027027	-1.5124613608631985
757	3.031031031031031	-1.5135403534536238
758	3.035035035035035	-1.5146182748176693
759	3.039039039039039	-1.5156951270802672
760	3.043043043043043	-1.5167709123600128
761	3.047047047047047	-1.5178456327692291
762	3.051051051051051	-1.51891929041396
763	3.055055055055055	-1.5199918873940133
764	3.059059059059059	-1.5210634258029812
765	3.063063063063063	-1.5221339077282556
766	3.067067067067067	-1.5232033352510754
767	3.071071071071071	-1.5242717104465144
768	3.075075075075075	-1.5253390353835434
769	3.079079079079079	-1.5264053121250343
770	3.083083083083083	-1.5274705427277802
771	3.0870870870870872	-1.5285347292425364
772	3.091091091091091	-1.5295978737140299
773	3.095095095095095	-1.5306599781809773
774	3.099099099099099	-1.5317210446761351
775	3.103103103103103	-1.5327810752262996
776	3.1071071071071072	-1.5338400718523273
777	3.111111111111111	-1.5348980365691731
778	3.115115115115115	-1.535954971385919
779	3.119119119119119	-1.5370108783057634
780	3.123123123123123	-1.5380657593260896
781	3.1271271271271273	-1.539119616438441
782	3.131131131131131	-1.5401724516285855
783	3.135135135135135	-1.5412242668765106
784	3.139139139139139	-1.5422750641564593
785	3.143143143143143	-1.543324845436943
786	3.1471471471471473	-1.5443736126807766
787	3.151151151151151	-1.5454213678450865
788	3.155155155155155	-1.546468112881344
789	3.159159159159159	-1.547513849735366
790	3.163163163163163	-1.5485585803473794
791	3.1671671671671673	-1.5496023066519888
792	3.171171171171171	-1.5506450305782395
793	3.175175175175175	-1.5516867540496224
794	3.179179179179179	-1.5527274789840955
795	3.183183183183183	-1.5537672072941073
796	3.1871871871871873	-1.5548059408866184
797	3.191191191191191	-1.5558436816631187
798	3.195195195195195	-1.5568804315196534
799	3.199199199199199	-1.5579161923468425
800	3.203203203203203	-1.5589509660298917
801	3.2072072072072073	-1.5599847544486367
802	3.2112112112112112	-1.5610175594775333
803	3.215215215215215	-1.5620493829857052
804	3.219219219219219	-1.5630802268369461
805	3.2232232232232234	-1.5641100928897458
806	3.2272272272272273	-1.5651389829973148
807	3.2312312312312312	-1.5661668990075883
808	3.235235235235235	-1.5671938427632826
809	3.239239239239239	-1.5682198161018572
810	3.2432432432432434	-1.5692448208555958
811	3.2472472472472473	-1.5702688588515832
812	3.2512512512512513	-1.5712919319117438
813	3.255255255255255	-1.5723140418528527
814	3.259259259259259	-1.5733351904865605
815	3.2632632632632634	-1.574355379619416
816	3.2672672672672673	-1.5753746110528744
817	3.2712712712712713	-1.5763928865833263
818	3.275275275275275	-1.5774102080021049
819	3.279279279279279	-1.5784265770955241
820	3.2832832832832834	-1.579441995644875
821	3.2872872872872874	-1.5804564654264688
822	3.2912912912912913	-1.5814699882116223
823	3.295295295295295	-1.5824825657667216
824	3.299299299299299	-1.5834941998531966
825	3.3033033033033035	-1.5845048922275606
826	3.3073073073073074	-1.5855146446414308
827	3.3113113113113113	-1.5865234588415433
828	3.315315315315315	-1.5875313365697612
829	3.319319319319319	-1.5885382795631156
830	3.3233233233233235	-1.58954428955379
831	3.3273273273273274	-1.5905493682691705
832	3.3313313313313313	-1.5915535174318554
833	3.335335335335335	-1.5925567387596504
834	3.339339339339339	-1.5935590339656158
835	3.3433433433433435	-1.5945604047580773
836	3.3473473473473474	-1.5955608528406162
837	3.3513513513513513	-1.5965603799121342
838	3.3553553553553552	-1.5975589876668357
839	3.359359359359359	-1.5985566777942477
840	3.3633633633633635	-1.599553451979256
841	3.3673673673673674	-1.6005493119020966
842	3.3713713713713713	-1.6015442592383953
843	3.3753753753753752	-1.6025382956591758
844	3.379379379379379	-1.603531422830872
845	3.3833833833833835	-1.6045236424153604
846	3.3873873873873874	-1.6055149560699413
847	3.3913913913913913	-1.6065053654474073
848	3.3953953953953953	-1.6074948721960132
849	3.399399399399399	-1.6084834779595232
850	3.4034034034034035	-1.6094711843771998
851	3.4074074074074074	-1.61045799308386
852	3.4114114114114114	-1.6114439057098406
853	3.4154154154154153	-1.612428923881062
854	3.419419419419419	-1.6134130492190142
855	3.4234234234234235	-1.6143962833407774
856	3.4274274274274275	-1.6153786278590543
857	3.4314314314314314	-1.6163600843821637
858	3.4354354354354353	-1.6173406545140736
859	3.439439439439439	-1.618320339854408
860	3.4434434434434436	-1.6192991419984606
861	3.4474474474474475	-1.6202770625372231
862	3.4514514514514514	-1.6212541030573813
863	3.4554554554554553	-1.622230265141349
864	3.4594594594594597	-1.623205550367276
865	3.4634634634634636	-1.6241799603090623
866	3.4674674674674675	-1.6251534965363692
867	3.4714714714714714	-1.6261261606146395
868	3.4754754754754753	-1.6270979541051238
869	3.4794794794794797	-1.6280688785648714
870	3.4834834834834836	-1.6290389355467636
871	3.4874874874874875	-1.6300081265995243
872	3.4914914914914914	-1.6309764532677264
873	3.4954954954954953	-1.6319439170918324
874	3.4994994994994997	-1.632910519608163
875	3.5035035035035036	-1.63387626234896
876	3.5075075075075075	-1.6348411468423758
877	3.5115115115115114	-1.6358051746124862
878	3.5155155155155153	-1.6367683471793208
879	3.5195195195195197	-1.637730666058856
880	3.5235235235235236	-1.638692132763049
881	3.5275275275275275	-1.6396527487998425
882	3.5315315315315314	-1.6406125156731743
883	3.5355355355355353	-1.6415714348830064
884	3.5395395395395397	-1.6425295079253288
885	3.5435435435435436	-1.6434867362921661
886	3.5475475475475475	-1.6444431214716084
887	3.5515515515515514	-1.6453986649478158
888	3.5555555555555554	-1.6463533682010267
889	3.5595595595595597	-1.6473072327075855
890	3.5635635635635636	-1.6482602599399498
891	3.5675675675675675	-1.6492124513666941
892	3.5715715715715715	-1.6501638084525467
893	3.5755755755755754	-1.6511143326583708
894	3.5795795795795797	-1.652064025441209
895	3.5835835835835836	-1.6530128882542865
896	3.5875875875875876	-1.653960922547011
897	3.5915915915915915	-1.6549081297650026
898	3.5955955955955954	-1.6558545113500949
899	3.5995995995995997	-1.6568000687403683
900	3.6036036036036037	-1.6577448033701363
901	3.6076076076076076	-1.6586887166699813
902	3.6116116116116115	-1.6596318100667438
903	3.6156156156156154	-1.6605740849835637
904	3.6196196196196198	-1.6615155428398711
905	3.6236236236236237	-1.6624561850514126
906	3.6276276276276276	-1.663396013030248
907	3.6316316316316315	-1.6643350281847835
908	3.6356356356356354	-1.665273231919779
909	3.6396396396396398	-1.6662106256363354
910	3.6436436436436437	-1.6671472107319407
911	3.6476476476476476	-1.6680829886004778
912	3.6516516516516515	-1.6690179606322155
913	3.6556556556556554	-1.6699521282138328
914	3.65965965965966	-1.6708854927284484
915	3.6636636636636637	-1.6718180555555986
916	3.6676676676676676	-1.672749818071277
917	3.6716716716716715	-1.6736807816479329
918	3.6756756756756754	-1.6746109476545006
919	3.67967967967968	-1.6755403174563868
920	3.6836836836836837	-1.6764688924154942
921	3.6876876876876876	-1.6773966738902437
922	3.6916916916916915	-1.6783236632355685
923	3.6956956956956954	-1.6792498618029414
924	3.6996996996997	-1.6801752709403708
925	3.7037037037037037	-1.681099891992425
926	3.7077077077077076	-1.682023726300243
927	3.7117117117117115	-1.6829467752015381
928	3.7157157157157155	-1.6838690400306255
929	3.71971971971972	-1.6847905221184123
930	3.7237237237237237	-1.6857112227924145
931	3.7277277277277276	-1.6866311433767958
932	3.7317317317317316	-1.6875502851923285
933	3.735735735735736	-1.6884686495564591
934	3.73973973973974	-1.6893862377832758
935	3.7437437437437437	-1.6903030511835448
936	3.7477477477477477	-1.6912190910647207
937	3.7517517517517516	-1.6921343587309456
938	3.755755755755756	-1.693048855483057
939	3.75975975975976	-1.6939625826186258
940	3.7637637637637638	-1.694875541431937
941	3.7677677677677677	-1.6957877332140199
942	3.7717717717717716	-1.6966991592526481
943	3.775775775775776	-1.6976098208323616
944	3.77977977977978	-1.6985197192344572
945	3.7837837837837838	-1.6994288557370298
946	3.7877877877877877	-1.7003372316149523
947	3.7917917917917916	-1.7012448481399147
948	3.795795795795796	-1.7021517065804068
949	3.7997997997998	-1.703057808201752
950	3.803803803803804	-1.7039631542660971
951	3.8078078078078077	-1.7048677460324502
952	3.8118118118118116	-1.7057715847566592
953	3.815815815815816	-1.7066746716914536
954	3.81981981981982	-1.7075770080864254
955	3.823823823823824	-1.7084785951880646
956	3.8278278278278277	-1.7093794342397488
957	3.8318318318318316	-1.7102795264817732
958	3.835835835835836	-1.7111788731513409
959	3.83983983983984	-1.712077475482598
960	3.843843843843844	-1.7129753347066057
961	3.8478478478478477	-1.7138724520513922
962	3.8518518518518516	-1.7147688287419414
963	3.855855855855856	-1.715664466000204
964	3.85985985985986	-1.7165593650451028
965	3.863863863863864	-1.7174535270925564
966	3.8678678678678677	-1.718346953355486
967	3.8718718718718717	-1.7192396450438103
968	3.875875875875876	-1.720131603364468
969	3.87987987987988	-1.7210228295214307
970	3.883883883883884	-1.7219133247157097
971	3.8878878878878878	-1.7228030901453524
972	3.8918918918918917	-1.7236921270054744
973	3.895895895895896	-1.7245804364882518
974	3.8998998998999	-1.7254680197829373
975	3.903903903903904	-1.7263548780758697
976	3.9079079079079078	-1.7272410125504878
977	3.9119119119119117	-1.7281264243873309
978	3.915915915915916	-1.729011114764054
979	3.91991991991992	-1.7298950848554298
980	3.923923923923924	-1.7307783358333726
981	3.9279279279279278	-1.7316608688669344
982	3.9319319319319317	-1.732542685122316
983	3.935935935935936	-1.7334237857628862
984	3.93993993993994	-1.7343041719491827
985	3.943943943943944	-1.7351838448389134
986	3.947947947947948	-1.7360628055869838
987	3.9519519519519517	-1.7369410553454978
988	3.955955955955956	-1.7378185952637533
989	3.95995995995996	-1.7386954264882803
990	3.963963963963964	-1.7395715501628173
991	3.967967967967968	-1.7404469674283527
992	3.971971971971972	-1.7413216794231012
993	3.975975975975976	-1.7421956872825421
994	3.97997997997998	-1.743068992139407
995	3.983983983983984	-1.7439415951236914
996	3.987987987987988	-1.7448134973626894
997	3.991991991991992	-1.7456846999809519
998	3.995995995995996	-1.7465552041003496
999	4.0	-1.7474250108400458
